time_id;time_nome;rodada;capitao_id;reserva_luxo_id;pontos;esquema_id;patrimonio;clube;escudo;posicao;capitao_time;reserva_luxo_time;scout_DS;pontuacao_final;jogos_num;atleta_id;rodada_id;clube_id;posicao_id;status_id;pontos_num;media_num;variacao_num;preco_num;entrou_em_campo;slug;apelido;craque;scout_FD;scout_FF;scout_FS;scout_A;scout_FC;scout_CA;scout_I;scout_G;scout_V;scout_SG;scout_DE;scout_GS;scout_PC;scout_FT
9064886;Al Bihlau;1;142004;142004;69,31;3;109,11;Botafogo;https://raw.githubusercontent.com/victorbarwinski/ligalitopbi/main/Escudos/Botafogo.png;Goleiro;False;False;;10,2;1;68806;1;263;1;7;10,2;10,2;2,12;10,12;True;;Neto;0;;;;;;;;;;1,0;4,0;;;
9064886;Al Bihlau;1;142004;142004;69,31;3;109,11;Flamengo;https://raw.githubusercontent.com/victorbarwinski/ligalitopbi/main/Escudos/Flamengo.png;Lateral;False;False;4,0;6,7;1;84816;1;262;2;6;6,7;6,7;1,08;8,08;True;;Varela;0;;;2,0;;1,0;;;;;;;;;
9064886;Al Bihlau;1;142004;142004;69,31;3;109,11;Santos;https://raw.githubusercontent.com/victorbarwinski/ligalitopbi/main/Escudos/Santos.png;Lateral;False;False;;5,5;1;95466;1;277;2;6;5,5;5,5;0,66;7,66;True;;Igor Vinícius;0;;;1,0;1,0;;;;;;;;;;
9064886;Al Bihlau;1;142004;142004;69,31;3;109,11;Vitória;https://raw.githubusercontent.com/victorbarwinski/ligalitopbi/main/Escudos/Vitoria.png;Zagueiro;False;False;;4,1;1;90943;1;287;3;7;4,1;4,1;0,53;5,53;True;;Zé Marcos;0;;;;;3,0;;;;;1,0;;;;
9064886;Al Bihlau;1;142004;142004;69,31;3;109,11;Fluminense;https://raw.githubusercontent.com/victorbarwinski/ligalitopbi/main/Escudos/Fluminense.png;Zagueiro;False;False;3,0;5,5;1;132553;1;266;3;7;5,5;5,5;0,84;6,84;True;;Jemmes;0;;;2,0;;;;;;;;;;;
9064886;Al Bihlau;1;142004;142004;69,31;3;109,11;Internacional;https://raw.githubusercontent.com/victorbarwinski/ligalitopbi/main/Escudos/Internacional.png;Meia;False;False;;3,0;1;68685;1;285;4;7;3,0;3,0;-0,4;7,6;True;;Alan Patrick;0;1,0;1,0;2,0;;;;;;;;;;;
9064886;Al Bihlau;1;142004;142004;69,31;3;109,11;Vitória;https://raw.githubusercontent.com/victorbarwinski/ligalitopbi/main/Escudos/Vitoria.png;Meia;False;False;2,0;10,9;1;99440;1;287;4;7;10,9;10,9;2,73;8,73;True;;Baralhas;0;;;3,0;;2,0;1,0;;1,0;;;;;;
9064886;Al Bihlau;1;142004;142004;69,31;3;109,11;Santos;https://raw.githubusercontent.com/victorbarwinski/ligalitopbi/main/Escudos/Santos.png;Meia;False;False;;2,5;1;102256;1;277;4;6;2,5;2,5;-0,76;8,24;True;;Rollheiser;0;1,0;1,0;1,0;;;;;;;;;;;
9064886;Al Bihlau;1;142004;142004;69,31;3;109,11;Grêmio;https://raw.githubusercontent.com/victorbarwinski/ligalitopbi/main/Escudos/Gremio.png;Atacante;True;True;1,0;2,55;1;142004;1;284;5;6;1,7;1,7;-0,49;5,51;True;;Amuzu;0;;;1,0;;1,0;;;;;;;;;
9064886;Al Bihlau;1;142004;142004;69,31;3;109,11;Vitória;https://raw.githubusercontent.com/victorbarwinski/ligalitopbi/main/Escudos/Vitoria.png;Atacante;False;False;;10,4;1;92696;1;287;5;6;10,4;10,4;2,56;8,56;True;;Renato Kayzer;0;1,0;1,0;1,0;;;;1,0;1,0;;;;;;
9064886;Al Bihlau;1;142004;142004;69,31;3;109,11;Fluminense;https://raw.githubusercontent.com/victorbarwinski/ligalitopbi/main/Escudos/Fluminense.png;Atacante;False;False;2,0;5,7;1;102928;1;266;5;7;5,7;5,7;0,54;8,54;True;;Canobbio;0;1,0;1,0;2,0;;1,0;;;;;;;;;
9064886;Al Bihlau;1;142004;142004;69,31;3;109,11;Internacional;https://raw.githubusercontent.com/victorbarwinski/ligalitopbi/main/Escudos/Internacional.png;Técnico;False;False;;2,26;1;115479;1;285;6;7;2,26;2,26;-0,3;5,7;True;;Paulo Pezzolano;0;;;;;;;;;;;;;;
9064886;Al Bihlau;2;103445;98384;61,7;3;111,39;Palmeiras;https://raw.githubusercontent.com/victorbarwinski/ligalitopbi/main/Escudos/Palmeiras.png;Goleiro;False;False;;3,4;2;104084;2;275;1;7;3,4;1,35;0,04;7,16;True;;Carlos Miguel;0;;;1,0;;;;;;;;3,0;1,0;;
9064886;Al Bihlau;2;103445;98384;61,7;3;111,39;Cruzeiro;https://raw.githubusercontent.com/victorbarwinski/ligalitopbi/main/Escudos/Cruzeiro.png;Lateral;False;False;3,0;3,2;2;112709;2;283;2;7;3,2;2,7;-0,71;11,52;True;;Kaiki Bruno;0;;;;;1,0;1,0;;;;;;;;
9064886;Al Bihlau;2;103445;98384;61,7;3;111,39;Palmeiras;https://raw.githubusercontent.com/victorbarwinski/ligalitopbi/main/Escudos/Palmeiras.png;Lateral;False;False;2,0;12,8;2;102130;2;275;2;7;12,8;9,05;2,12;12,16;True;;Piquerez;0;;1,0;2,0;1,0;;;;;;;;;;1,0
9064886;Al Bihlau;2;103445;98384;61,7;3;111,39;Cruzeiro;https://raw.githubusercontent.com/victorbarwinski/ligalitopbi/main/Escudos/Cruzeiro.png;Zagueiro;False;False;3,0;4,8;2;90768;2;283;3;7;4,8;2,65;0,04;10,03;True;;Fabrício Bruno;0;;1,0;1,0;;;1,0;;;;;;;;
9064886;Al Bihlau;2;103445;98384;61,7;3;111,39;Mirassol;https://raw.githubusercontent.com/victorbarwinski/ligalitopbi/main/Escudos/Mirassol.png;Zagueiro;False;False;;4,4;2;97460;2;2305;3;7;4,4;2,95;0,48;5,92;True;;João Victor;0;;;;1,0;2,0;;;;;;;;;
9064886;Al Bihlau;2;103445;98384;61,7;3;111,39;Vasco;https://raw.githubusercontent.com/victorbarwinski/ligalitopbi/main/Escudos/Vasco.png;Meia;False;False;1,0;2,9;2;142279;2;267;4;7;2,9;1,8;-0,08;6,71;True;;Nuno Moreira;0;1,0;;1,0;;1,0;;;;;;;;;
9064886;Al Bihlau;2;103445;98384;61,7;3;111,39;Fluminense;https://raw.githubusercontent.com/victorbarwinski/ligalitopbi/main/Escudos/Fluminense.png;Meia;False;False;1,0;1,9;2;109573;2;266;4;7;1,9;1,8;-0,52;7,44;True;;Martinelli;0;;;2,0;;2,0;;;;;;;;;
9064886;Al Bihlau;2;103445;98384;61,7;3;111,39;Vasco;https://raw.githubusercontent.com/victorbarwinski/ligalitopbi/main/Escudos/Vasco.png;Meia;False;False;4,0;5,5;2;122485;2;267;4;7;5,5;7,25;0,42;7,67;True;;Barros;0;;1,0;1,0;;6,0;;;;;;;;;
9064886;Al Bihlau;2;103445;98384;61,7;3;111,39;Mirassol;https://raw.githubusercontent.com/victorbarwinski/ligalitopbi/main/Escudos/Mirassol.png;Atacante;False;False;2,0;4,5;2;97321;2;2305;5;7;4,5;7,1;-0,1;9,03;True;;Alesson;0;;;3,0;;;;;;;;;;;
9064886;Al Bihlau;2;103445;98384;61,7;3;111,39;Cruzeiro;https://raw.githubusercontent.com/victorbarwinski/ligalitopbi/main/Escudos/Cruzeiro.png;Atacante;True;False;;7,35;2;103445;2;283;5;7;4,9;3,55;-0,56;14,12;True;;Kaio Jorge;0;2,0;2,0;2,0;;;;1,0;;;;;;;
9064886;Al Bihlau;2;103445;98384;61,7;3;111,39;Mirassol;https://raw.githubusercontent.com/victorbarwinski/ligalitopbi/main/Escudos/Mirassol.png;Atacante;False;True;2,0;5,5;2;98384;2;2305;5;7;5,5;5,15;0,58;7,17;True;;Negueba;0;1,0;1,0;3,0;;;1,0;;;;;;;;
9064886;Al Bihlau;2;103445;98384;61,7;3;111,39;Mirassol;https://raw.githubusercontent.com/victorbarwinski/ligalitopbi/main/Escudos/Mirassol.png;Técnico;False;False;;5,45;2;104027;2;2305;6;7;5,45;5,13;0,57;7,16;True;;Rafael Guanaes;0;;;;;;;;;;;;;;
51146600;Cuca Beludo Kika;2;87863;84339;58,13;4;102,17;Fluminense;https://raw.githubusercontent.com/victorbarwinski/ligalitopbi/main/Escudos/Fluminense.png;Goleiro;False;False;;5,5;2;37656;2;266;1;7;5,5;3,8;0,13;10,68;True;;Fábio;0;;;;;;;;;;;5,0;1,0;;
51146600;Cuca Beludo Kika;2;87863;84339;58,13;4;102,17;;;Lateral;False;True;;4,6;2;84339;2;294;2;7;4,6;3,35;0,71;4,72;True;;Bruno Melo;0;;;;1,0;1,0;;1,0;;;;;;;
51146600;Cuca Beludo Kika;2;87863;84339;58,13;4;102,17;;;Lateral;False;False;2,0;3,2;2;82628;2;294;2;7;3,2;4,1;0,05;5,89;True;;Tinga;0;;;1,0;;1,0;;;;;;;;;
51146600;Cuca Beludo Kika;2;87863;84339;58,13;4;102,17;Vasco;https://raw.githubusercontent.com/victorbarwinski/ligalitopbi/main/Escudos/Vasco.png;Zagueiro;False;False;1,0;0,9;2;97095;2;267;3;7;0,9;-0,1;-0,62;6,36;True;;Carlos Cuesta;0;;;;;2,0;;;;;;;;;
51146600;Cuca Beludo Kika;2;87863;84339;58,13;4;102,17;Atlético-MG;https://raw.githubusercontent.com/victorbarwinski/ligalitopbi/main/Escudos/Atletico_Mineiro.png;Zagueiro;False;False;;-0,6;2;100842;2;282;3;7;-0,6;-0,95;-0,7;3,75;True;;Ruan;0;;;;;2,0;;;;;;;;;
51146600;Cuca Beludo Kika;2;87863;84339;58,13;4;102,17;Grêmio;https://raw.githubusercontent.com/victorbarwinski/ligalitopbi/main/Escudos/Gremio.png;Meia;False;False;;0,0;0;140496;2;284;4;6;0,0;0,0;0,0;1,0;False;;Tiaguinho;0;;;;;;;;;;;;;;
51146600;Cuca Beludo Kika;2;87863;84339;58,13;4;102,17;Flamengo;https://raw.githubusercontent.com/victorbarwinski/ligalitopbi/main/Escudos/Flamengo.png;Meia;False;False;1,0;2,7;2;105436;2;262;4;6;2,7;2,95;-0,81;10,95;True;;Carrascal;0;1,0;;;;;;;;;;;;;
51146600;Cuca Beludo Kika;2;87863;84339;58,13;4;102,17;Flamengo;https://raw.githubusercontent.com/victorbarwinski/ligalitopbi/main/Escudos/Flamengo.png;Meia;False;False;;-0,6;2;115914;2;262;4;6;-0,6;0,75;-0,71;3,3;True;;Evertton Araújo;0;;;;;2,0;;;;;;;;;
51146600;Cuca Beludo Kika;2;87863;84339;58,13;4;102,17;Flamengo;https://raw.githubusercontent.com/victorbarwinski/ligalitopbi/main/Escudos/Flamengo.png;Meia;True;False;;12,6;2;87863;2;262;4;6;8,4;4,6;-0,14;18,96;True;;Arrascaeta;0;;;2,0;;2,0;;;1,0;;;;;;
51146600;Cuca Beludo Kika;2;87863;84339;58,13;4;102,17;São Paulo;https://raw.githubusercontent.com/victorbarwinski/ligalitopbi/main/Escudos/Sao_Paulo.png;Atacante;False;False;1,0;11,0;2;89840;2;276;5;7;11,0;5,7;1,52;13,11;True;;Calleri;0;;1,0;2,0;;1,0;;;1,0;;;;;;
51146600;Cuca Beludo Kika;2;87863;84339;58,13;4;102,17;Vasco;https://raw.githubusercontent.com/victorbarwinski/ligalitopbi/main/Escudos/Vasco.png;Atacante;False;False;4,0;13,1;2;116706;2;267;5;7;13,1;9,55;2,26;11,73;True;;Andrés Gómez;0;1,0;;3,0;1,0;2,0;;;;;;;;;
51146600;Cuca Beludo Kika;2;87863;84339;58,13;4;102,17;Vasco;https://raw.githubusercontent.com/victorbarwinski/ligalitopbi/main/Escudos/Vasco.png;Técnico;False;False;;5,73;2;72391;2;267;6;7;5,73;4,86;0,48;8,43;True;;Fernando Diniz;0;;;;;;;;;;;;;;
9092997;Fear The Galito;1;92696;92696;58,7;3;103,5;Mirassol;https://raw.githubusercontent.com/victorbarwinski/ligalitopbi/main/Escudos/Mirassol.png;Goleiro;False;False;;4,2;1;51413;1;2305;1;7;4,2;4,2;0,56;5,56;True;;Walter;0;;;;;;;;;;;4,0;1,0;;
9092997;Fear The Galito;1;92696;92696;58,7;3;103,5;Internacional;https://raw.githubusercontent.com/victorbarwinski/ligalitopbi/main/Escudos/Internacional.png;Lateral;False;False;1,0;1,0;1;110426;1;285;2;7;1,0;1,0;-1,65;9,35;True;;Bernabei;0;1,0;;;;2,0;1,0;1,0;;;;;;;
9092997;Fear The Galito;1;92696;92696;58,7;3;103,5;Vitória;https://raw.githubusercontent.com/victorbarwinski/ligalitopbi/main/Escudos/Vitoria.png;Lateral;False;False;;4,7;1;101597;1;287;2;7;4,7;4,7;0,74;5,74;True;;Ramon;0;;;2,0;;1,0;1,0;;;;1,0;;;;
9092997;Fear The Galito;1;92696;92696;58,7;3;103,5;Mirassol;https://raw.githubusercontent.com/victorbarwinski/ligalitopbi/main/Escudos/Mirassol.png;Zagueiro;False;False;1,0;1,5;1;97460;1;2305;3;7;1,5;1,5;-0,56;5,44;True;;João Victor;0;;;;;;;;;;;;;;
9092997;Fear The Galito;1;92696;92696;58,7;3;103,5;Fluminense;https://raw.githubusercontent.com/victorbarwinski/ligalitopbi/main/Escudos/Fluminense.png;Zagueiro;False;False;3,0;5,5;1;132553;1;266;3;7;5,5;5,5;0,84;6,84;True;;Jemmes;0;;;2,0;;;;;;;;;;;
9092997;Fear The Galito;1;92696;92696;58,7;3;103,5;Internacional;https://raw.githubusercontent.com/victorbarwinski/ligalitopbi/main/Escudos/Internacional.png;Meia;False;False;;3,0;1;68685;1;285;4;7;3,0;3,0;-0,4;7,6;True;;Alan Patrick;0;1,0;1,0;2,0;;;;;;;;;;;
9092997;Fear The Galito;1;92696;92696;58,7;3;103,5;Botafogo;https://raw.githubusercontent.com/victorbarwinski/ligalitopbi/main/Escudos/Botafogo.png;Meia;False;False;;5,8;1;142890;1;263;4;7;5,8;5,8;0,4;9,4;True;;Montoro;0;1,0;;1,0;1,0;3,0;;;;;;;;;
9092997;Fear The Galito;1;92696;92696;58,7;3;103,5;Vitória;https://raw.githubusercontent.com/victorbarwinski/ligalitopbi/main/Escudos/Vitoria.png;Meia;False;False;;0,5;1;93411;1;287;4;7;0,5;0,5;-1,1;5,9;True;;Cantalapiedra;0;;1,0;;;1,0;;;;;;;;;
9092997;Fear The Galito;1;92696;92696;58,7;3;103,5;Mirassol;https://raw.githubusercontent.com/victorbarwinski/ligalitopbi/main/Escudos/Mirassol.png;Atacante;False;False;2,0;9,7;1;97321;1;2305;5;7;9,7;9,7;2,13;9,13;True;;Alesson;0;1,0;1,0;;1,0;1,0;;;;;;;;;
9092997;Fear The Galito;1;92696;92696;58,7;3;103,5;Vitória;https://raw.githubusercontent.com/victorbarwinski/ligalitopbi/main/Escudos/Vitoria.png;Atacante;True;True;;15,6;1;92696;1;287;5;6;10,4;10,4;2,56;8,56;True;;Renato Kayzer;0;1,0;1,0;1,0;;;;1,0;1,0;;;;;;
9092997;Fear The Galito;1;92696;92696;58,7;3;103,5;Internacional;https://raw.githubusercontent.com/victorbarwinski/ligalitopbi/main/Escudos/Internacional.png;Atacante;False;False;;2,4;1;92854;1;285;5;7;2,4;2,4;-0,61;7,39;True;;Borré;0;2,0;1,0;;;2,0;;2,0;;;;;;;
9092997;Fear The Galito;1;92696;92696;58,7;3;103,5;Mirassol;https://raw.githubusercontent.com/victorbarwinski/ligalitopbi/main/Escudos/Mirassol.png;Técnico;False;False;;4,8;1;104027;1;2305;6;7;4,8;4,8;0,59;6,59;True;;Rafael Guanaes;0;;;;;;;;;1,0;;;;;
9092997;Fear The Galito;2;113103;90285;51,2;3;103,72;Mirassol;https://raw.githubusercontent.com/victorbarwinski/ligalitopbi/main/Escudos/Mirassol.png;Goleiro;False;False;;4,5;2;51413;2;2305;1;7;4,5;4,35;0,45;6,01;True;;Walter;0;;;;;;;;;;;5,0;2,0;;
9092997;Fear The Galito;2;113103;90285;51,2;3;103,72;Bragantino;https://raw.githubusercontent.com/victorbarwinski/ligalitopbi/main/Escudos/Red_Bull_Bragantino.png;Lateral;False;False;1,0;5,5;2;110715;2;280;2;7;5,5;4,85;0,82;5,57;True;;Andrés Hurtado;0;;;;;;1,0;;;;1,0;;;;
9092997;Fear The Galito;2;113103;90285;51,2;3;103,72;Palmeiras;https://raw.githubusercontent.com/victorbarwinski/ligalitopbi/main/Escudos/Palmeiras.png;Lateral;False;False;2,0;2,6;2;105175;2;275;2;7;2,6;1,4;-0,03;5,77;True;;Khellven;0;;;1,0;;3,0;;;;;;;;;
9092997;Fear The Galito;2;113103;90285;51,2;3;103,72;Bahia;https://raw.githubusercontent.com/victorbarwinski/ligalitopbi/main/Escudos/Bahia.png;Zagueiro;False;False;;0,2;2;105990;2;265;3;7;0,2;0,35;-0,59;4,49;True;;Santiago Mingo;0;;;1,0;;1,0;;;;;;;;;
9092997;Fear The Galito;2;113103;90285;51,2;3;103,72;São Paulo;https://raw.githubusercontent.com/victorbarwinski/ligalitopbi/main/Escudos/Sao_Paulo.png;Zagueiro;False;False;1,0;1,4;2;104075;2;276;3;7;1,4;3,3;-0,45;5,46;True;;Sabino;0;;;1,0;;2,0;;;;;;;;;
9092997;Fear The Galito;2;113103;90285;51,2;3;103,72;Palmeiras;https://raw.githubusercontent.com/victorbarwinski/ligalitopbi/main/Escudos/Palmeiras.png;Meia;False;False;2,0;11,7;2;105647;2;275;4;7;11,7;5,45;2,4;8,67;True;;Maurício;0;;;2,0;;1,0;;;1,0;;;;;;
9092997;Fear The Galito;2;113103;90285;51,2;3;103,72;Bahia;https://raw.githubusercontent.com/victorbarwinski/ligalitopbi/main/Escudos/Bahia.png;Meia;False;False;1,0;2,4;2;98517;2;265;4;7;2,4;4,25;-0,65;8,85;True;;Jean Lucas;0;1,0;;;;1,0;;;;;;;;;
9092997;Fear The Galito;2;113103;90285;51,2;3;103,72;Vasco;https://raw.githubusercontent.com/victorbarwinski/ligalitopbi/main/Escudos/Vasco.png;Meia;False;False;1,0;2,9;2;142279;2;267;4;7;2,9;1,8;-0,08;6,71;True;;Nuno Moreira;0;1,0;;1,0;;1,0;;;;;;;;;
9092997;Fear The Galito;2;113103;90285;51,2;3;103,72;Flamengo;https://raw.githubusercontent.com/victorbarwinski/ligalitopbi/main/Escudos/Flamengo.png;Atacante;False;True;1,0;2,3;2;90285;2;262;5;6;2,3;1,55;-0,35;7,29;True;;Bruno Henrique;0;1,0;;;;1,0;;1,0;;;;;;;
9092997;Fear The Galito;2;113103;90285;51,2;3;103,72;Palmeiras;https://raw.githubusercontent.com/victorbarwinski/ligalitopbi/main/Escudos/Palmeiras.png;Atacante;True;False;1,0;7,35;2;113103;2;275;5;7;4,9;10,5;-1,31;17,43;True;;Flaco López;0;1,0;1,0;4,0;;2,0;;;;;;;;;
9092997;Fear The Galito;2;113103;90285;51,2;3;103,72;Cruzeiro;https://raw.githubusercontent.com/victorbarwinski/ligalitopbi/main/Escudos/Cruzeiro.png;Atacante;False;False;;4,9;2;103445;2;283;5;7;4,9;3,55;-0,56;14,12;True;;Kaio Jorge;0;2,0;2,0;2,0;;;;1,0;;;;;;;
9092997;Fear The Galito;2;113103;90285;51,2;3;103,72;Mirassol;https://raw.githubusercontent.com/victorbarwinski/ligalitopbi/main/Escudos/Mirassol.png;Técnico;False;False;;5,45;2;104027;2;2305;6;7;5,45;5,13;0,57;7,16;True;;Rafael Guanaes;0;;;;;;;;;;;;;;
10151843;Fracus FC;1;68685;81005;71,0;3;106,2;Corinthians;https://raw.githubusercontent.com/victorbarwinski/ligalitopbi/main/Escudos/Corinthians.png;Goleiro;False;False;;2,2;1;101574;1;264;1;6;2,2;2,2;-1,23;9,77;True;;Hugo Souza;0;;;;;;;;;;;4,0;2,0;1,0;
10151843;Fracus FC;1;68685;81005;71,0;3;106,2;Corinthians;https://raw.githubusercontent.com/victorbarwinski/ligalitopbi/main/Escudos/Corinthians.png;Lateral;False;False;4,0;4,8;1;101727;1;264;2;6;4,8;4,8;-0,5;11,5;True;;Matheuzinho;0;;1,0;;;3,0;1,0;1,0;;;;;;;
10151843;Fracus FC;1;68685;81005;71,0;3;106,2;Botafogo;https://raw.githubusercontent.com/victorbarwinski/ligalitopbi/main/Escudos/Botafogo.png;Lateral;False;False;2,0;8,0;1;72493;1;263;2;7;8,0;8,0;0,62;12,62;True;;Alex Telles;0;;;;;;;;;;1,0;;;;
10151843;Fracus FC;1;68685;81005;71,0;3;106,2;Corinthians;https://raw.githubusercontent.com/victorbarwinski/ligalitopbi/main/Escudos/Corinthians.png;Zagueiro;False;False;5,0;9,2;1;78248;1;264;3;6;9,2;9,2;1,41;11,41;True;;Gustavo Henrique;0;1,0;1,0;;;1,0;;;;;;;;;
10151843;Fracus FC;1;68685;81005;71,0;3;106,2;Fluminense;https://raw.githubusercontent.com/victorbarwinski/ligalitopbi/main/Escudos/Fluminense.png;Zagueiro;False;False;3,0;5,5;1;132553;1;266;3;7;5,5;5,5;0,84;6,84;True;;Jemmes;0;;;2,0;;;;;;;;;;;
10151843;Fracus FC;1;68685;81005;71,0;3;106,2;Corinthians;https://raw.githubusercontent.com/victorbarwinski/ligalitopbi/main/Escudos/Corinthians.png;Meia;False;False;2,0;3,2;1;77485;1;264;4;6;3,2;3,2;-0,15;6,85;True;;Carrillo;0;;;1,0;;1,0;;;;;;;;;
10151843;Fracus FC;1;68685;81005;71,0;3;106,2;Corinthians;https://raw.githubusercontent.com/victorbarwinski/ligalitopbi/main/Escudos/Corinthians.png;Meia;False;False;2,0;14,7;1;117910;1;264;4;6;14,7;14,7;3,34;13,34;True;;Breno Bidon;0;;;4,0;;1,0;1,0;;1,0;;;;;;1,0
10151843;Fracus FC;1;68685;81005;71,0;3;106,2;Internacional;https://raw.githubusercontent.com/victorbarwinski/ligalitopbi/main/Escudos/Internacional.png;Meia;True;False;;4,5;1;68685;1;285;4;7;3,0;3,0;-0,4;7,6;True;;Alan Patrick;0;1,0;1,0;2,0;;;;;;;;;;;
10151843;Fracus FC;1;68685;81005;71,0;3;106,2;Fluminense;https://raw.githubusercontent.com/victorbarwinski/ligalitopbi/main/Escudos/Fluminense.png;Atacante;False;False;;0,9;1;78117;1;266;5;6;0,9;0,9;-0,59;4,41;True;;Everaldo;0;;;2,0;;;;1,0;;;;;;;
10151843;Fracus FC;1;68685;81005;71,0;3;106,2;Vitória;https://raw.githubusercontent.com/victorbarwinski/ligalitopbi/main/Escudos/Vitoria.png;Atacante;False;False;;10,4;1;92696;1;287;5;6;10,4;10,4;2,56;8,56;True;;Renato Kayzer;0;1,0;1,0;1,0;;;;1,0;1,0;;;;;;
10151843;Fracus FC;1;68685;81005;71,0;3;106,2;;;Atacante;False;False;;2,8;1;90302;1;294;5;7;2,8;2,8;-0,29;6,71;True;;Pedro Rocha;0;1,0;1,0;3,0;;2,0;;1,0;;;;;;;
10151843;Fracus FC;1;68685;81005;71,0;3;106,2;Mirassol;https://raw.githubusercontent.com/victorbarwinski/ligalitopbi/main/Escudos/Mirassol.png;Técnico;False;False;;4,8;1;104027;1;2305;6;7;4,8;4,8;0,59;6,59;True;;Rafael Guanaes;0;;;;;;;;;1,0;;;;;
10151843;Fracus FC;2;103445;91607;75,7;3;111,86;Cruzeiro;https://raw.githubusercontent.com/victorbarwinski/ligalitopbi/main/Escudos/Cruzeiro.png;Goleiro;False;False;;-2,0;2;42234;2;283;1;7;-2,0;-2,35;-1,72;7,97;True;;Cássio;0;;;;;;;;;;;;2,0;;
10151843;Fracus FC;2;103445;91607;75,7;3;111,86;Palmeiras;https://raw.githubusercontent.com/victorbarwinski/ligalitopbi/main/Escudos/Palmeiras.png;Lateral;False;False;2,0;12,8;2;102130;2;275;2;7;12,8;9,05;2,12;12,16;True;;Piquerez;0;;1,0;2,0;1,0;;;;;;;;;;1,0
10151843;Fracus FC;2;103445;91607;75,7;3;111,86;Bahia;https://raw.githubusercontent.com/victorbarwinski/ligalitopbi/main/Escudos/Bahia.png;Lateral;False;False;2,0;3,8;2;80313;2;265;2;6;3,8;4,1;0,04;7,31;True;;Gilberto;0;;1,0;;;;;;;;;;;;
10151843;Fracus FC;2;103445;91607;75,7;3;111,86;Palmeiras;https://raw.githubusercontent.com/victorbarwinski/ligalitopbi/main/Escudos/Palmeiras.png;Zagueiro;False;False;;8,5;2;71684;2;275;3;7;8,5;5,2;0,85;12,15;True;;Gustavo Gómez;0;;1,0;;;1,0;;;1,0;;;;;;
10151843;Fracus FC;2;103445;91607;75,7;3;111,86;Fluminense;https://raw.githubusercontent.com/victorbarwinski/ligalitopbi/main/Escudos/Fluminense.png;Zagueiro;False;False;2,0;2,2;2;132553;2;266;3;7;2,2;3,85;-0,36;6,48;True;;Jemmes;0;;;1,0;;1,0;1,0;;;;;;;;
10151843;Fracus FC;2;103445;91607;75,7;3;111,86;Bragantino;https://raw.githubusercontent.com/victorbarwinski/ligalitopbi/main/Escudos/Red_Bull_Bragantino.png;Meia;False;False;;0,0;1;103295;2;280;4;6;0,0;0,0;-0,77;4,23;True;;Eric Ramires;0;;;;;;;;;;;;;;
10151843;Fracus FC;2;103445;91607;75,7;3;111,86;Internacional;https://raw.githubusercontent.com/victorbarwinski/ligalitopbi/main/Escudos/Internacional.png;Meia;False;False;1,0;0,7;2;92981;2;285;4;7;0,7;0,45;-0,13;2,39;True;;Ronaldo;0;;1,0;;;2,0;1,0;;;;;;;;
10151843;Fracus FC;2;103445;91607;75,7;3;111,86;Bahia;https://raw.githubusercontent.com/victorbarwinski/ligalitopbi/main/Escudos/Bahia.png;Meia;False;False;4,0;9,2;2;104783;2;265;4;7;9,2;5,55;1,87;6,63;True;;Acevedo;0;;1,0;;;2,0;;;;;;;;;1,0
10151843;Fracus FC;2;103445;91607;75,7;3;111,86;Santos;https://raw.githubusercontent.com/victorbarwinski/ligalitopbi/main/Escudos/Santos.png;Atacante;False;False;;2,1;1;83257;2;277;5;6;2,1;2,1;-0,62;8,38;True;;Gabriel;0;;1,0;3,0;;;;2,0;;;;;;;
10151843;Fracus FC;2;103445;91607;75,7;3;111,86;Cruzeiro;https://raw.githubusercontent.com/victorbarwinski/ligalitopbi/main/Escudos/Cruzeiro.png;Atacante;True;False;;7,35;2;103445;2;283;5;7;4,9;3,55;-0,56;14,12;True;;Kaio Jorge;0;2,0;2,0;2,0;;;;1,0;;;;;;;
10151843;Fracus FC;2;103445;91607;75,7;3;111,86;Grêmio;https://raw.githubusercontent.com/victorbarwinski/ligalitopbi/main/Escudos/Gremio.png;Atacante;False;False;;24,1;2;105563;2;284;5;7;24,1;18,05;4,06;22,18;True;;Carlos Vinícius;0;;;1,0;;1,0;;1,0;3,0;;;;;;
10151843;Fracus FC;2;103445;91607;75,7;3;111,86;Bragantino;https://raw.githubusercontent.com/victorbarwinski/ligalitopbi/main/Escudos/Red_Bull_Bragantino.png;Técnico;False;False;;6,95;2;39850;2;280;6;7;6,95;7,51;0,88;7,8;True;;Vagner Mancini;0;;;;;;;;;1,0;;;;;
7955777;Kika@72fc;1;92854;68685;67,25;3;106,8;Mirassol;https://raw.githubusercontent.com/victorbarwinski/ligalitopbi/main/Escudos/Mirassol.png;Goleiro;False;False;;4,2;1;51413;1;2305;1;7;4,2;4,2;0,56;5,56;True;;Walter;0;;;;;;;;;;;4,0;1,0;;
7955777;Kika@72fc;1;92854;68685;67,25;3;106,8;Mirassol;https://raw.githubusercontent.com/victorbarwinski/ligalitopbi/main/Escudos/Mirassol.png;Lateral;False;False;;0,8;1;78850;1;2305;2;7;0,8;0,8;-2,81;14,19;True;;Reinaldo;0;;1,0;;;;;;;;;;;;
7955777;Kika@72fc;1;92854;68685;67,25;3;106,8;Corinthians;https://raw.githubusercontent.com/victorbarwinski/ligalitopbi/main/Escudos/Corinthians.png;Lateral;False;False;4,0;4,8;1;101727;1;264;2;6;4,8;4,8;-0,5;11,5;True;;Matheuzinho;0;;1,0;;;3,0;1,0;1,0;;;;;;;
7955777;Kika@72fc;1;92854;68685;67,25;3;106,8;;;Zagueiro;False;False;1,0;7,0;1;107453;1;315;3;6;7,0;7,0;1,91;4,91;True;;João Paulo;0;;;1,0;1,0;;;;;;;;;;
7955777;Kika@72fc;1;92854;68685;67,25;3;106,8;Vitória;https://raw.githubusercontent.com/victorbarwinski/ligalitopbi/main/Escudos/Vitoria.png;Zagueiro;False;False;;5,0;1;97906;1;287;3;7;5,0;5,0;1,03;5,03;True;;Riccieli;0;;;;;;;;;;1,0;;;;
7955777;Kika@72fc;1;92854;68685;67,25;3;106,8;Internacional;https://raw.githubusercontent.com/victorbarwinski/ligalitopbi/main/Escudos/Internacional.png;Meia;False;True;;3,0;1;68685;1;285;4;7;3,0;3,0;-0,4;7,6;True;;Alan Patrick;0;1,0;1,0;2,0;;;;;;;;;;;
7955777;Kika@72fc;1;92854;68685;67,25;3;106,8;Botafogo;https://raw.githubusercontent.com/victorbarwinski/ligalitopbi/main/Escudos/Botafogo.png;Meia;False;False;;5,8;1;142890;1;263;4;7;5,8;5,8;0,4;9,4;True;;Montoro;0;1,0;;1,0;1,0;3,0;;;;;;;;;
7955777;Kika@72fc;1;92854;68685;67,25;3;106,8;Fluminense;https://raw.githubusercontent.com/victorbarwinski/ligalitopbi/main/Escudos/Fluminense.png;Meia;False;False;3,0;13,8;1;89837;1;266;4;7;13,8;13,8;3,38;11,38;True;;Lucho Acosta;0;;1,0;1,0;;;;;1,0;;;;;;
7955777;Kika@72fc;1;92854;68685;67,25;3;106,8;Fluminense;https://raw.githubusercontent.com/victorbarwinski/ligalitopbi/main/Escudos/Fluminense.png;Atacante;False;False;;1,6;1;110759;1;266;5;7;1,6;1,6;-0,53;5,47;True;;John Kennedy;0;1,0;;2,0;;2,0;;;;;;;;;
7955777;Kika@72fc;1;92854;68685;67,25;3;106,8;Mirassol;https://raw.githubusercontent.com/victorbarwinski/ligalitopbi/main/Escudos/Mirassol.png;Atacante;False;False;2,0;9,7;1;97321;1;2305;5;7;9,7;9,7;2,13;9,13;True;;Alesson;0;1,0;1,0;;1,0;1,0;;;;;;;;;
7955777;Kika@72fc;1;92854;68685;67,25;3;106,8;Internacional;https://raw.githubusercontent.com/victorbarwinski/ligalitopbi/main/Escudos/Internacional.png;Atacante;True;False;;3,6;1;92854;1;285;5;7;2,4;2,4;-0,61;7,39;True;;Borré;0;2,0;1,0;;;2,0;;2,0;;;;;;;
7955777;Kika@72fc;1;92854;68685;67,25;3;106,8;;;Técnico;False;False;;7,95;1;73481;1;315;6;7;7,95;7,95;2,24;5,24;True;;Gilmar Dal Pozzo;0;;;;;;;;;1,0;;;;;
7955777;Kika@72fc;2;114802;110759;80,45;3;115,92;Mirassol;https://raw.githubusercontent.com/victorbarwinski/ligalitopbi/main/Escudos/Mirassol.png;Goleiro;False;False;;4,5;2;51413;2;2305;1;7;4,5;4,35;0,45;6,01;True;;Walter;0;;;;;;;;;;;5,0;2,0;;
7955777;Kika@72fc;2;114802;110759;80,45;3;115,92;Bahia;https://raw.githubusercontent.com/victorbarwinski/ligalitopbi/main/Escudos/Bahia.png;Lateral;False;False;2,0;5,8;2;107093;2;265;2;7;5,8;6,0;0,47;8,37;True;;Luciano Juba;0;;2,0;3,0;;1,0;;;;;;;;;
7955777;Kika@72fc;2;114802;110759;80,45;3;115,92;Bragantino;https://raw.githubusercontent.com/victorbarwinski/ligalitopbi/main/Escudos/Red_Bull_Bragantino.png;Lateral;False;False;1,0;5,5;2;110715;2;280;2;7;5,5;4,85;0,82;5,57;True;;Andrés Hurtado;0;;;;;;1,0;;;;1,0;;;;
7955777;Kika@72fc;2;114802;110759;80,45;3;115,92;Grêmio;https://raw.githubusercontent.com/victorbarwinski/ligalitopbi/main/Escudos/Gremio.png;Zagueiro;False;False;2,0;4,0;1;130048;2;284;3;7;4,0;4,0;0,69;5,69;True;;Noriega;0;;1,0;1,0;;1,0;;;;;;;;;
7955777;Kika@72fc;2;114802;110759;80,45;3;115,92;Bahia;https://raw.githubusercontent.com/victorbarwinski/ligalitopbi/main/Escudos/Bahia.png;Zagueiro;False;False;3,0;4,3;2;91772;2;265;3;6;4,3;2,6;0,6;5,01;True;;David Duarte;0;;;;;;;2,0;;;;;;;
7955777;Kika@72fc;2;114802;110759;80,45;3;115,92;;;Meia;False;False;1,0;4,6;2;107172;2;364;4;7;4,6;3,2;0,63;5,35;True;;Patrick de Paula;0;;3,0;2,0;;1,0;;;;;;;;;
7955777;Kika@72fc;2;114802;110759;80,45;3;115,92;Cruzeiro;https://raw.githubusercontent.com/victorbarwinski/ligalitopbi/main/Escudos/Cruzeiro.png;Meia;False;False;2,0;4,0;2;89256;2;283;4;7;4,0;2,7;-0,34;10,79;True;;Gerson;0;;;2,0;;;;;;;;;;;
7955777;Kika@72fc;2;114802;110759;80,45;3;115,92;Palmeiras;https://raw.githubusercontent.com/victorbarwinski/ligalitopbi/main/Escudos/Palmeiras.png;Meia;False;False;2,0;12,2;2;141451;2;275;4;7;12,2;7,05;1,55;15,31;True;;Allan;0;1,0;1,0;1,0;;1,0;1,0;;1,0;;;;;;
7955777;Kika@72fc;2;114802;110759;80,45;3;115,92;Palmeiras;https://raw.githubusercontent.com/victorbarwinski/ligalitopbi/main/Escudos/Palmeiras.png;Atacante;True;False;1,0;6,6;2;114802;2;275;5;7;4,4;6,0;-1,44;18,41;True;;Vitor Roque;0;1,0;1,0;4,0;;3,0;;2,0;;;;;;;
7955777;Kika@72fc;2;114802;110759;80,45;3;115,92;Fluminense;https://raw.githubusercontent.com/victorbarwinski/ligalitopbi/main/Escudos/Fluminense.png;Atacante;False;True;2,0;11,9;2;110759;2;266;5;7;11,9;6,75;2,52;7,99;True;;John Kennedy;0;1,0;;;;1,0;;;1,0;;;;;;
7955777;Kika@72fc;2;114802;110759;80,45;3;115,92;Grêmio;https://raw.githubusercontent.com/victorbarwinski/ligalitopbi/main/Escudos/Gremio.png;Atacante;False;False;;11,2;2;142004;2;284;5;7;11,2;6,45;2,32;7,83;True;;Amuzu;0;;;3,0;2,0;1,0;;;;;;;;;
7955777;Kika@72fc;2;114802;110759;80,45;3;115,92;;;Técnico;False;False;;5,85;2;73717;2;364;6;7;5,85;3,91;0,85;6,45;True;;Juan Carlos Osorio;0;;;;;;;;;;;;;;
26425845;Plincesa FC;1;113103;126182;64,65;3;102,94;Mirassol;https://raw.githubusercontent.com/victorbarwinski/ligalitopbi/main/Escudos/Mirassol.png;Goleiro;False;False;;4,2;1;51413;1;2305;1;7;4,2;4,2;0,56;5,56;True;;Walter;0;;;;;;;;;;;4,0;1,0;;
26425845;Plincesa FC;1;113103;126182;64,65;3;102,94;Vitória;https://raw.githubusercontent.com/victorbarwinski/ligalitopbi/main/Escudos/Vitoria.png;Lateral;False;False;2,0;9,7;1;111879;1;287;2;6;9,7;9,7;2,86;5,86;True;;Mateus Silva;0;;1,0;3,0;;2,0;;;;;1,0;;;;
26425845;Plincesa FC;1;113103;126182;64,65;3;102,94;Mirassol;https://raw.githubusercontent.com/victorbarwinski/ligalitopbi/main/Escudos/Mirassol.png;Lateral;False;False;;0,8;1;78850;1;2305;2;7;0,8;0,8;-2,81;14,19;True;;Reinaldo;0;;1,0;;;;;;;;;;;;
26425845;Plincesa FC;1;113103;126182;64,65;3;102,94;Santos;https://raw.githubusercontent.com/victorbarwinski/ligalitopbi/main/Escudos/Santos.png;Zagueiro;False;False;;0,0;0;91866;1;277;3;6;0,0;0,0;0,0;6,0;False;;Zé Ivaldo;0;;;;;;;;;;;;;;
26425845;Plincesa FC;1;113103;126182;64,65;3;102,94;Mirassol;https://raw.githubusercontent.com/victorbarwinski/ligalitopbi/main/Escudos/Mirassol.png;Zagueiro;False;False;1,0;1,5;1;97460;1;2305;3;7;1,5;1,5;-0,56;5,44;True;;João Victor;0;;;;;;;;;;;;;;
26425845;Plincesa FC;1;113103;126182;64,65;3;102,94;Corinthians;https://raw.githubusercontent.com/victorbarwinski/ligalitopbi/main/Escudos/Corinthians.png;Meia;False;False;1,0;10,0;1;117632;1;264;4;6;10,0;10,0;1,32;13,32;True;;Garro;0;1,0;1,0;3,0;1,0;;;;;;;;;;
26425845;Plincesa FC;1;113103;126182;64,65;3;102,94;Internacional;https://raw.githubusercontent.com/victorbarwinski/ligalitopbi/main/Escudos/Internacional.png;Meia;False;True;1,0;0,2;1;126182;1;285;4;7;0,2;0,2;-0,84;4,16;True;;Paulinho;0;;;;;1,0;1,0;;;;;;;;
26425845;Plincesa FC;1;113103;126182;64,65;3;102,94;Internacional;https://raw.githubusercontent.com/victorbarwinski/ligalitopbi/main/Escudos/Internacional.png;Meia;False;False;;3,0;1;68685;1;285;4;7;3,0;3,0;-0,4;7,6;True;;Alan Patrick;0;1,0;1,0;2,0;;;;;;;;;;;
26425845;Plincesa FC;1;113103;126182;64,65;3;102,94;Bragantino;https://raw.githubusercontent.com/victorbarwinski/ligalitopbi/main/Escudos/Red_Bull_Bragantino.png;Atacante;False;False;;2,9;1;124239;1;280;5;7;2,9;2,9;0,29;4,29;True;;Henry Mosquera;0;2,0;1,0;;;1,0;;;;;;;;;
26425845;Plincesa FC;1;113103;126182;64,65;3;102,94;Palmeiras;https://raw.githubusercontent.com/victorbarwinski/ligalitopbi/main/Escudos/Palmeiras.png;Atacante;True;False;4,0;24,15;1;113103;1;275;5;7;16,1;16,1;2,74;18,74;True;;Flaco López;0;1,0;1,0;2,0;;3,0;;;1,0;;;;;;
26425845;Plincesa FC;1;113103;126182;64,65;3;102,94;Fluminense;https://raw.githubusercontent.com/victorbarwinski/ligalitopbi/main/Escudos/Fluminense.png;Atacante;False;False;;1,6;1;110759;1;266;5;7;1,6;1,6;-0,53;5,47;True;;John Kennedy;0;1,0;;2,0;;2,0;;;;;;;;;
26425845;Plincesa FC;1;113103;126182;64,65;3;102,94;Corinthians;https://raw.githubusercontent.com/victorbarwinski/ligalitopbi/main/Escudos/Corinthians.png;Técnico;False;False;;6,6;1;40990;1;264;6;6;6,6;6,6;0,31;11,31;True;;Dorival Júnior;0;;;;;;;;;;;;;;
26425845;Plincesa FC;2;113103;122394;64,6;3;105,7;Mirassol;https://raw.githubusercontent.com/victorbarwinski/ligalitopbi/main/Escudos/Mirassol.png;Goleiro;False;False;;4,5;2;51413;2;2305;1;7;4,5;4,35;0,45;6,01;True;;Walter;0;;;;;;;;;;;5,0;2,0;;
26425845;Plincesa FC;2;113103;122394;64,6;3;105,7;Bahia;https://raw.githubusercontent.com/victorbarwinski/ligalitopbi/main/Escudos/Bahia.png;Lateral;False;False;2,0;5,8;2;107093;2;265;2;7;5,8;6,0;0,47;8,37;True;;Luciano Juba;0;;2,0;3,0;;1,0;;;;;;;;;
26425845;Plincesa FC;2;113103;122394;64,6;3;105,7;Palmeiras;https://raw.githubusercontent.com/victorbarwinski/ligalitopbi/main/Escudos/Palmeiras.png;Lateral;False;False;2,0;12,8;2;102130;2;275;2;7;12,8;9,05;2,12;12,16;True;;Piquerez;0;;1,0;2,0;1,0;;;;;;;;;;1,0
26425845;Plincesa FC;2;113103;122394;64,6;3;105,7;Vasco;https://raw.githubusercontent.com/victorbarwinski/ligalitopbi/main/Escudos/Vasco.png;Zagueiro;False;False;1,0;0,9;2;117330;2;267;3;7;0,9;1,4;-0,7;6,51;True;;Robert Renan;0;;;;;2,0;;;;;;;;;
26425845;Plincesa FC;2;113103;122394;64,6;3;105,7;Mirassol;https://raw.githubusercontent.com/victorbarwinski/ligalitopbi/main/Escudos/Mirassol.png;Zagueiro;False;False;;4,4;2;97460;2;2305;3;7;4,4;2,95;0,48;5,92;True;;João Victor;0;;;;1,0;2,0;;;;;;;;;
26425845;Plincesa FC;2;113103;122394;64,6;3;105,7;Bragantino;https://raw.githubusercontent.com/victorbarwinski/ligalitopbi/main/Escudos/Red_Bull_Bragantino.png;Meia;False;True;2,0;12,2;2;122394;2;280;4;7;12,2;9,85;2,45;8,35;True;;Gustavinho;0;1,0;;;;;;;1,0;;;;;;
26425845;Plincesa FC;2;113103;122394;64,6;3;105,7;Cruzeiro;https://raw.githubusercontent.com/victorbarwinski/ligalitopbi/main/Escudos/Cruzeiro.png;Meia;False;False;;5,0;2;84558;2;283;4;7;5,0;3,6;0,19;9,14;True;;Lucas Romero;0;;;;1,0;;;;;;;;;;
26425845;Plincesa FC;2;113103;122394;64,6;3;105,7;Mirassol;https://raw.githubusercontent.com/victorbarwinski/ligalitopbi/main/Escudos/Mirassol.png;Meia;False;False;2,0;4,4;2;83263;2;2305;4;6;4,4;4,95;0,34;6,36;True;;Yuri Lara;0;1,0;;1,0;;1,0;;;;;;;;;
26425845;Plincesa FC;2;113103;122394;64,6;3;105,7;Bahia;https://raw.githubusercontent.com/victorbarwinski/ligalitopbi/main/Escudos/Bahia.png;Atacante;False;False;;0,8;2;68996;2;265;5;7;0,8;5,15;-1,61;11,54;True;;Willian José;0;;1,0;;;;;;;;;;;;
26425845;Plincesa FC;2;113103;122394;64,6;3;105,7;Palmeiras;https://raw.githubusercontent.com/victorbarwinski/ligalitopbi/main/Escudos/Palmeiras.png;Atacante;True;False;1,0;7,35;2;113103;2;275;5;7;4,9;10,5;-1,31;17,43;True;;Flaco López;0;1,0;1,0;4,0;;2,0;;;;;;;;;
26425845;Plincesa FC;2;113103;122394;64,6;3;105,7;Bragantino;https://raw.githubusercontent.com/victorbarwinski/ligalitopbi/main/Escudos/Red_Bull_Bragantino.png;Atacante;False;False;;1,0;2;70360;2;280;5;6;1,0;2,45;-0,69;6,4;True;;Eduardo Sasha;0;;;2,0;;;;;;;;;;;
26425845;Plincesa FC;2;113103;122394;64,6;3;105,7;Mirassol;https://raw.githubusercontent.com/victorbarwinski/ligalitopbi/main/Escudos/Mirassol.png;Técnico;False;False;;5,45;2;104027;2;2305;6;7;5,45;5,13;0,57;7,16;True;;Rafael Guanaes;0;;;;;;;;;;;;;;
15104170;Tra-Thor;1;103445;92696;44,05;3;99,43;Mirassol;https://raw.githubusercontent.com/victorbarwinski/ligalitopbi/main/Escudos/Mirassol.png;Goleiro;False;False;;4,2;1;51413;1;2305;1;7;4,2;4,2;0,56;5,56;True;;Walter;0;;;;;;;;;;;4,0;1,0;;
15104170;Tra-Thor;1;103445;92696;44,05;3;99,43;Mirassol;https://raw.githubusercontent.com/victorbarwinski/ligalitopbi/main/Escudos/Mirassol.png;Lateral;False;False;2,0;4,0;1;106708;1;2305;2;6;4,0;4,0;0,31;6,31;True;;Igor Formiga;0;;1,0;1,0;;1,0;;;;;;;;;
15104170;Tra-Thor;1;103445;92696;44,05;3;99,43;Fluminense;https://raw.githubusercontent.com/victorbarwinski/ligalitopbi/main/Escudos/Fluminense.png;Lateral;False;False;2,0;3,7;1;73384;1;266;2;7;3,7;3,7;-0,34;8,66;True;;Samuel Xavier;0;;;2,0;;1,0;;;;;;;;;
15104170;Tra-Thor;1;103445;92696;44,05;3;99,43;Santos;https://raw.githubusercontent.com/victorbarwinski/ligalitopbi/main/Escudos/Santos.png;Zagueiro;False;False;;0,0;0;91866;1;277;3;6;0,0;0,0;0,0;6,0;False;;Zé Ivaldo;0;;;;;;;;;;;;;;
15104170;Tra-Thor;1;103445;92696;44,05;3;99,43;Corinthians;https://raw.githubusercontent.com/victorbarwinski/ligalitopbi/main/Escudos/Corinthians.png;Zagueiro;False;False;;0,0;0;92440;1;264;3;6;0,0;0,0;0,0;6,0;False;;André Ramalho;0;;;;;;;;;;;;;;
15104170;Tra-Thor;1;103445;92696;44,05;3;99,43;Fluminense;https://raw.githubusercontent.com/victorbarwinski/ligalitopbi/main/Escudos/Fluminense.png;Meia;False;False;;1,7;1;109573;1;266;4;7;1,7;1,7;-1,04;7,96;True;;Martinelli;0;1,0;1,0;;;1,0;;;;;;;;;
15104170;Tra-Thor;1;103445;92696;44,05;3;99,43;Botafogo;https://raw.githubusercontent.com/victorbarwinski/ligalitopbi/main/Escudos/Botafogo.png;Meia;False;False;;5,8;1;142890;1;263;4;7;5,8;5,8;0,4;9,4;True;;Montoro;0;1,0;;1,0;1,0;3,0;;;;;;;;;
15104170;Tra-Thor;1;103445;92696;44,05;3;99,43;Internacional;https://raw.githubusercontent.com/victorbarwinski/ligalitopbi/main/Escudos/Internacional.png;Meia;False;False;;3,0;1;68685;1;285;4;7;3,0;3,0;-0,4;7,6;True;;Alan Patrick;0;1,0;1,0;2,0;;;;;;;;;;;
15104170;Tra-Thor;1;103445;92696;44,05;3;99,43;Internacional;https://raw.githubusercontent.com/victorbarwinski/ligalitopbi/main/Escudos/Internacional.png;Atacante;False;False;;2,4;1;92854;1;285;5;7;2,4;2,4;-0,61;7,39;True;;Borré;0;2,0;1,0;;;2,0;;2,0;;;;;;;
15104170;Tra-Thor;1;103445;92696;44,05;3;99,43;Cruzeiro;https://raw.githubusercontent.com/victorbarwinski/ligalitopbi/main/Escudos/Cruzeiro.png;Atacante;True;False;;3,3;1;103445;1;283;5;7;2,2;2,2;-2,32;14,68;True;;Kaio Jorge;0;;3,0;;;;;2,0;;;;;;;
15104170;Tra-Thor;1;103445;92696;44,05;3;99,43;Vitória;https://raw.githubusercontent.com/victorbarwinski/ligalitopbi/main/Escudos/Vitoria.png;Atacante;False;True;;10,4;1;92696;1;287;5;6;10,4;10,4;2,56;8,56;True;;Renato Kayzer;0;1,0;1,0;1,0;;;;1,0;1,0;;;;;;
15104170;Tra-Thor;1;103445;92696;44,05;3;99,43;São Paulo;https://raw.githubusercontent.com/victorbarwinski/ligalitopbi/main/Escudos/Sao_Paulo.png;Técnico;False;False;;5,55;1;99366;1;276;6;7;5,55;5,55;0,31;9,31;True;;Luis Zubeldía;0;;;;;;;;;1,0;;;;;
15104170;Tra-Thor;2;103445;101314;67,1;3;104,05;Mirassol;https://raw.githubusercontent.com/victorbarwinski/ligalitopbi/main/Escudos/Mirassol.png;Goleiro;False;False;;4,5;2;51413;2;2305;1;7;4,5;4,35;0,45;6,01;True;;Walter;0;;;;;;;;;;;5,0;2,0;;
15104170;Tra-Thor;2;103445;101314;67,1;3;104,05;Palmeiras;https://raw.githubusercontent.com/victorbarwinski/ligalitopbi/main/Escudos/Palmeiras.png;Lateral;False;False;2,0;2,6;2;105175;2;275;2;7;2,6;1,4;-0,03;5,77;True;;Khellven;0;;;1,0;;3,0;;;;;;;;;
15104170;Tra-Thor;2;103445;101314;67,1;3;104,05;Bragantino;https://raw.githubusercontent.com/victorbarwinski/ligalitopbi/main/Escudos/Red_Bull_Bragantino.png;Lateral;False;False;1,0;5,5;2;110715;2;280;2;7;5,5;4,85;0,82;5,57;True;;Andrés Hurtado;0;;;;;;1,0;;;;1,0;;;;
15104170;Tra-Thor;2;103445;101314;67,1;3;104,05;Vasco;https://raw.githubusercontent.com/victorbarwinski/ligalitopbi/main/Escudos/Vasco.png;Zagueiro;False;False;1,0;0,9;2;97095;2;267;3;7;0,9;-0,1;-0,62;6,36;True;;Carlos Cuesta;0;;;;;2,0;;;;;;;;;
15104170;Tra-Thor;2;103445;101314;67,1;3;104,05;Bahia;https://raw.githubusercontent.com/victorbarwinski/ligalitopbi/main/Escudos/Bahia.png;Zagueiro;False;False;3,0;4,3;2;91772;2;265;3;6;4,3;2,6;0,6;5,01;True;;David Duarte;0;;;;;;;2,0;;;;;;;
15104170;Tra-Thor;2;103445;101314;67,1;3;104,05;Bragantino;https://raw.githubusercontent.com/victorbarwinski/ligalitopbi/main/Escudos/Red_Bull_Bragantino.png;Meia;False;False;2,0;12,2;2;122394;2;280;4;7;12,2;9,85;2,45;8,35;True;;Gustavinho;0;1,0;;;;;;;1,0;;;;;;
15104170;Tra-Thor;2;103445;101314;67,1;3;104,05;Palmeiras;https://raw.githubusercontent.com/victorbarwinski/ligalitopbi/main/Escudos/Palmeiras.png;Meia;False;False;2,0;11,7;2;105647;2;275;4;7;11,7;5,45;2,4;8,67;True;;Maurício;0;;;2,0;;1,0;;;1,0;;;;;;
15104170;Tra-Thor;2;103445;101314;67,1;3;104,05;Flamengo;https://raw.githubusercontent.com/victorbarwinski/ligalitopbi/main/Escudos/Flamengo.png;Meia;False;False;;-0,6;2;115914;2;262;4;6;-0,6;0,75;-0,71;3,3;True;;Evertton Araújo;0;;;;;2,0;;;;;;;;;
15104170;Tra-Thor;2;103445;101314;67,1;3;104,05;Bahia;https://raw.githubusercontent.com/victorbarwinski/ligalitopbi/main/Escudos/Bahia.png;Atacante;False;True;;3,3;2;101314;2;265;5;7;3,3;4,25;-0,25;8,12;True;;Ademir;0;1,0;2,0;3,0;;3,0;;1,0;;;;;;;
15104170;Tra-Thor;2;103445;101314;67,1;3;104,05;Cruzeiro;https://raw.githubusercontent.com/victorbarwinski/ligalitopbi/main/Escudos/Cruzeiro.png;Atacante;True;False;;7,35;2;103445;2;283;5;7;4,9;3,55;-0,56;14,12;True;;Kaio Jorge;0;2,0;2,0;2,0;;;;1,0;;;;;;;
15104170;Tra-Thor;2;103445;101314;67,1;3;104,05;Palmeiras;https://raw.githubusercontent.com/victorbarwinski/ligalitopbi/main/Escudos/Palmeiras.png;Atacante;False;False;1,0;4,9;2;113103;2;275;5;7;4,9;10,5;-1,31;17,43;True;;Flaco López;0;1,0;1,0;4,0;;2,0;;;;;;;;;
15104170;Tra-Thor;2;103445;101314;67,1;3;104,05;Palmeiras;https://raw.githubusercontent.com/victorbarwinski/ligalitopbi/main/Escudos/Palmeiras.png;Técnico;False;False;;10,45;2;110506;2;275;6;7;10,45;7,05;1,38;12,48;True;;Abel Ferreira;0;;;;;;;;;1,0;;;;;
17797934;sarosafre;1;107989;107989;43,51;3;97,9;Internacional;https://raw.githubusercontent.com/victorbarwinski/ligalitopbi/main/Escudos/Internacional.png;Goleiro;False;False;1,0;1,8;1;105949;1;285;1;7;1,8;1,8;-0,82;7,18;True;;Rochet;0;;;;;;;;;;;1,0;1,0;;
17797934;sarosafre;1;107989;107989;43,51;3;97,9;Grêmio;https://raw.githubusercontent.com/victorbarwinski/ligalitopbi/main/Escudos/Gremio.png;Lateral;False;False;3,0;4,6;1;91706;1;284;2;7;4,6;4,6;0,16;8,16;True;;Marlon;0;;;1,0;;1,0;;1,0;;;;;;;
17797934;sarosafre;1;107989;107989;43,51;3;97,9;Flamengo;https://raw.githubusercontent.com/victorbarwinski/ligalitopbi/main/Escudos/Flamengo.png;Lateral;False;False;4,0;6,7;1;84816;1;262;2;6;6,7;6,7;1,08;8,08;True;;Varela;0;;;2,0;;1,0;;;;;;;;;
17797934;sarosafre;1;107989;107989;43,51;3;97,9;São Paulo;https://raw.githubusercontent.com/victorbarwinski/ligalitopbi/main/Escudos/Sao_Paulo.png;Zagueiro;False;False;2,0;3,2;1;99889;1;276;3;7;3,2;3,2;-0,15;6,85;True;;Alan Franco;0;;;1,0;;1,0;;;;;;;;;
17797934;sarosafre;1;107989;107989;43,51;3;97,9;Atlético-MG;https://raw.githubusercontent.com/victorbarwinski/ligalitopbi/main/Escudos/Atletico_Mineiro.png;Zagueiro;False;False;2,0;3,5;1;88312;1;282;3;7;3,5;3,5;0,14;6,14;True;;Junior Alonso;0;;;1,0;;;;;;;;;;;
17797934;sarosafre;1;107989;107989;43,51;3;97,9;Palmeiras;https://raw.githubusercontent.com/victorbarwinski/ligalitopbi/main/Escudos/Palmeiras.png;Meia;False;False;1,0;1,4;1;93790;1;275;4;7;1,4;1,4;-1,15;7,85;True;;Marlon Freitas;0;;;;;;;1,0;;;;;;;
17797934;sarosafre;1;107989;107989;43,51;3;97,9;Fluminense;https://raw.githubusercontent.com/victorbarwinski/ligalitopbi/main/Escudos/Fluminense.png;Meia;False;False;3,0;13,8;1;89837;1;266;4;7;13,8;13,8;3,38;11,38;True;;Lucho Acosta;0;;1,0;1,0;;;;;1,0;;;;;;
17797934;sarosafre;1;107989;107989;43,51;3;97,9;Santos;https://raw.githubusercontent.com/victorbarwinski/ligalitopbi/main/Escudos/Santos.png;Meia;False;False;;2,5;1;102256;1;277;4;6;2,5;2,5;-0,76;8,24;True;;Rollheiser;0;1,0;1,0;1,0;;;;;;;;;;;
17797934;sarosafre;1;107989;107989;43,51;3;97,9;Internacional;https://raw.githubusercontent.com/victorbarwinski/ligalitopbi/main/Escudos/Internacional.png;Atacante;True;True;;0,75;1;107989;1;285;5;7;0,5;0,5;-1,46;7,54;True;;Carbonero;0;;;1,0;;;;;;;;;;;
17797934;sarosafre;1;107989;107989;43,51;3;97,9;Atlético-MG;https://raw.githubusercontent.com/victorbarwinski/ligalitopbi/main/Escudos/Atletico_Mineiro.png;Atacante;False;False;1,0;2,5;1;68920;1;282;5;7;2,5;2,5;-0,76;8,24;True;;Dudu;0;;1,0;1,0;;1,0;;;;;;;;;
17797934;sarosafre;1;107989;107989;43,51;3;97,9;Fluminense;https://raw.githubusercontent.com/victorbarwinski/ligalitopbi/main/Escudos/Fluminense.png;Atacante;False;False;;0,5;1;132071;1;266;5;7;0,5;0,5;-1,46;7,54;True;;Serna;0;;1,0;;;1,0;;;;;;;;;
17797934;sarosafre;1;107989;107989;43,51;3;97,9;Internacional;https://raw.githubusercontent.com/victorbarwinski/ligalitopbi/main/Escudos/Internacional.png;Técnico;False;False;;2,26;1;115479;1;285;6;7;2,26;2,26;-0,3;5,7;True;;Paulo Pezzolano;0;;;;;;;;;;;;;;
17797934;sarosafre;2;95332;110750;62,02;3;103,85;Mirassol;https://raw.githubusercontent.com/victorbarwinski/ligalitopbi/main/Escudos/Mirassol.png;Goleiro;False;False;;4,5;2;51413;2;2305;1;7;4,5;4,35;0,45;6,01;True;;Walter;0;;;;;;;;;;;5,0;2,0;;
17797934;sarosafre;2;95332;110750;62,02;3;103,85;Bragantino;https://raw.githubusercontent.com/victorbarwinski/ligalitopbi/main/Escudos/Red_Bull_Bragantino.png;Lateral;False;False;1,0;5,5;2;110715;2;280;2;7;5,5;4,85;0,82;5,57;True;;Andrés Hurtado;0;;;;;;1,0;;;;1,0;;;;
17797934;sarosafre;2;95332;110750;62,02;3;103,85;Botafogo;https://raw.githubusercontent.com/victorbarwinski/ligalitopbi/main/Escudos/Botafogo.png;Lateral;False;False;;-0,8;2;124481;2;263;2;6;-0,8;2,7;-1,12;5,15;True;;Mateo Ponte;0;;;1,0;;1,0;1,0;;;;;;;;
17797934;sarosafre;2;95332;110750;62,02;3;103,85;Bragantino;https://raw.githubusercontent.com/victorbarwinski/ligalitopbi/main/Escudos/Red_Bull_Bragantino.png;Zagueiro;False;True;1,0;9,0;2;110750;2;280;3;7;9,0;9,35;1,54;7,4;True;;Gustavo Marques;0;1,0;2,0;;;1,0;;;;;1,0;;;;
17797934;sarosafre;2;95332;110750;62,02;3;103,85;São Paulo;https://raw.githubusercontent.com/victorbarwinski/ligalitopbi/main/Escudos/Sao_Paulo.png;Zagueiro;False;False;3,0;3,6;2;91573;2;276;3;6;3,6;5,55;-0,52;10,29;True;;Arboleda;0;;;;;3,0;;;;;;;;;
17797934;sarosafre;2;95332;110750;62,02;3;103,85;Bragantino;https://raw.githubusercontent.com/victorbarwinski/ligalitopbi/main/Escudos/Red_Bull_Bragantino.png;Meia;False;False;;0,0;1;103295;2;280;4;6;0,0;0,0;-0,77;4,23;True;;Eric Ramires;0;;;;;;;;;;;;;;
17797934;sarosafre;2;95332;110750;62,02;3;103,85;Flamengo;https://raw.githubusercontent.com/victorbarwinski/ligalitopbi/main/Escudos/Flamengo.png;Meia;False;False;;-0,6;2;115914;2;262;4;6;-0,6;0,75;-0,71;3,3;True;;Evertton Araújo;0;;;;;2,0;;;;;;;;;
17797934;sarosafre;2;95332;110750;62,02;3;103,85;Bragantino;https://raw.githubusercontent.com/victorbarwinski/ligalitopbi/main/Escudos/Red_Bull_Bragantino.png;Meia;False;False;2,0;12,2;2;122394;2;280;4;7;12,2;9,85;2,45;8,35;True;;Gustavinho;0;1,0;;;;;;;1,0;;;;;;
17797934;sarosafre;2;95332;110750;62,02;3;103,85;;;Atacante;False;False;2,0;7,8;2;123648;2;294;5;7;7,8;6,4;1,4;6,43;True;;Lucas Ronier;0;;;2,0;1,0;4,0;;;;;;;;;
17797934;sarosafre;2;95332;110750;62,02;3;103,85;Vasco;https://raw.githubusercontent.com/victorbarwinski/ligalitopbi/main/Escudos/Vasco.png;Atacante;False;False;4,0;13,1;2;116706;2;267;5;7;13,1;9,55;2,26;11,73;True;;Andrés Gómez;0;1,0;;3,0;1,0;2,0;;;;;;;;;
17797934;sarosafre;2;95332;110750;62,02;3;103,85;;;Atacante;True;False;;2,7;2;95332;2;315;5;7;1,8;1,7;0,08;3,1;True;;Marcinho;0;;1,0;2,0;;;;;;;;;;;
17797934;sarosafre;2;95332;110750;62,02;3;103,85;Botafogo;https://raw.githubusercontent.com/victorbarwinski/ligalitopbi/main/Escudos/Botafogo.png;Técnico;False;False;;5,02;2;117965;2;263;6;7;5,02;8,03;0,07;8,85;True;;Martín Anselmi;0;;;;;;;;;;;;;;
